{
  "lancedb": {
    "connection_time": 0.03110647201538086,
    "open_table_time": 0.030673980712890625,
    "record_count": 13666,
    "count_time": 0.24599289894104004,
    "avg_cold_search_time": 0.11646037101745606,
    "min_cold_search_time": 0.00974416732788086,
    "max_cold_search_time": 0.5272960662841797,
    "avg_hot_search_time": 0.01245427131652832,
    "min_hot_search_time": 0.009495019912719727,
    "max_hot_search_time": 0.015174150466918945,
    "disk_size_mb": 47.43285083770752,
    "memory_used_mb": 68.625
  },
  "chromadb": {
    "connection_time": 0.24193215370178223,
    "collection_open_time": 0.006688833236694336,
    "record_count": 13825,
    "count_time": 0.1601724624633789,
    "avg_cold_search_time": 0.036597251892089844,
    "min_cold_search_time": 0.012048721313476562,
    "max_cold_search_time": 0.13111591339111328,
    "avg_hot_search_time": 0.008925104141235351,
    "min_hot_search_time": 0.00821995735168457,
    "max_hot_search_time": 0.00950765609741211,
    "disk_size_mb": 261.9994297027588
  },
  "qdrant": {
    "connection_time": 0.07636690139770508,
    "info_time": 0.007977008819580078,
    "record_count": 13825,
    "avg_cold_search_time": 0.005952882766723633,
    "min_cold_search_time": 0.0040476322174072266,
    "max_cold_search_time": 0.01060795783996582,
    "avg_hot_search_time": 0.0065952777862548825,
    "min_hot_search_time": 0.003452777862548828,
    "max_hot_search_time": 0.00809621810913086
  },
  "milvus": {
    "connection_time": 0.8506777286529541,
    "record_count": 13825,
    "count_time": 0.20186901092529297,
    "avg_cold_search_time": 0.060912704467773436,
    "min_cold_search_time": 0.003480195999145508,
    "max_cold_search_time": 0.2865762710571289,
    "avg_hot_search_time": 0.004655694961547852,
    "min_hot_search_time": 0.0034482479095458984,
    "max_hot_search_time": 0.0056896209716796875,
    "disk_size_mb": 62.109375
  },
  "weaviate": {
    "connection_time": 0.19247865676879883,
    "record_count": 13825,
    "count_time": 0.0019884109497070312,
    "avg_cold_search_time": 0.0033034801483154295,
    "min_cold_search_time": 0.002325296401977539,
    "max_cold_search_time": 0.005179882049560547,
    "avg_hot_search_time": 0.0025497913360595704,
    "min_hot_search_time": 0.0019845962524414062,
    "max_hot_search_time": 0.002983570098876953,
    "avg_hybrid_search_time": 0.006220006942749023
  },
  "pgvector": {
    "connection_time": 0.05706381797790527,
    "record_count": 13625,
    "count_time": 0.013189315795898438,
    "avg_cold_search_time": 0.02682967185974121,
    "min_cold_search_time": 0.0221407413482666,
    "max_cold_search_time": 0.04181957244873047,
    "avg_hot_search_time": 0.02398524284362793,
    "min_hot_search_time": 0.02186107635498047,
    "max_hot_search_time": 0.02526068687438965
  }
}