{
  "lancedb": {
    "connection_time": 0.0015506744384765625,
    "open_table_time": 0.0008883476257324219,
    "record_count": 13666,
    "count_time": 0.0657038688659668,
    "avg_cold_search_time": 0.6267746925354004,
    "min_cold_search_time": 0.009563922882080078,
    "max_cold_search_time": 3.0821166038513184,
    "avg_hot_search_time": 0.013512182235717773,
    "min_hot_search_time": 0.012686491012573242,
    "max_hot_search_time": 0.014265060424804688,
    "disk_size_mb": 47.43285083770752,
    "memory_used_mb": 64.95703125
  },
  "chromadb": {
    "connection_time": 0.12898588180541992,
    "collection_open_time": 0.006862640380859375,
    "record_count": 13825,
    "count_time": 0.05300402641296387,
    "avg_cold_search_time": 0.4445199012756348,
    "min_cold_search_time": 0.009927988052368164,
    "max_cold_search_time": 2.1779589653015137,
    "avg_hot_search_time": 0.00962367057800293,
    "min_hot_search_time": 0.007783412933349609,
    "max_hot_search_time": 0.010750770568847656,
    "disk_size_mb": 261.9994297027588
  },
  "qdrant": {
    "connection_time": 0.07768607139587402,
    "info_time": 0.002719879150390625,
    "record_count": 13825,
    "avg_cold_search_time": 0.005914115905761718,
    "min_cold_search_time": 0.003968238830566406,
    "max_cold_search_time": 0.009366035461425781,
    "avg_hot_search_time": 0.005826902389526367,
    "min_hot_search_time": 0.0038328170776367188,
    "max_hot_search_time": 0.008848905563354492
  },
  "milvus": {
    "connection_time": 0.6734774112701416,
    "record_count": 13825,
    "count_time": 0.011609554290771484,
    "avg_cold_search_time": 0.03821868896484375,
    "min_cold_search_time": 0.003389596939086914,
    "max_cold_search_time": 0.17402410507202148,
    "avg_hot_search_time": 0.005587053298950195,
    "min_hot_search_time": 0.0043866634368896484,
    "max_hot_search_time": 0.0071218013763427734,
    "disk_size_mb": 62.109375
  },
  "weaviate": {
    "connection_time": 0.41153883934020996,
    "record_count": 13825,
    "count_time": 0.0011436939239501953,
    "avg_cold_search_time": 0.003037261962890625,
    "min_cold_search_time": 0.0020999908447265625,
    "max_cold_search_time": 0.004664897918701172,
    "avg_hot_search_time": 0.00308380126953125,
    "min_hot_search_time": 0.0024602413177490234,
    "max_hot_search_time": 0.004496574401855469,
    "avg_hybrid_search_time": 0.005941247940063477
  },
  "pgvector": {
    "connection_time": 0.010638713836669922,
    "record_count": 13625,
    "count_time": 0.0022897720336914062,
    "avg_cold_search_time": 0.02492375373840332,
    "min_cold_search_time": 0.0232999324798584,
    "max_cold_search_time": 0.02810382843017578,
    "avg_hot_search_time": 0.022980546951293944,
    "min_hot_search_time": 0.022334575653076172,
    "max_hot_search_time": 0.02422809600830078
  }
}